65|N1342463884|47.1303811|9.5930160|Schönberg
6|N1342463886|47.1126962|9.5756418|Hotel Steg
167|N1353606655|47.2003350|9.5417183|Nendeln
167|N1353606656|47.2004601|9.5419293|Nendeln
161|N1353718282|47.1720179|9.5188502|Im Besch
79|N1366031973|47.1740715|9.5096988|Garage Weilenmann AG
165|N1366032394|47.1778110|9.5108767|uniwash Schaan-Nord
78|N1369051337|47.1741432|9.5085047|Garage Elmar Falk AG
161|N1378576419|47.1408185|9.5199937|Vaduz, Lettstrasse
161|N1378576479|47.1329726|9.5125995|Vaduz, Alte Rheinbrücke
161|N1378576480|47.1313707|9.5225150|Au
161|N1378576488|47.1395661|9.5107958|Vaduz, Rheinpark Stadion
161|N1378576491|47.1395694|9.5104124|Vaduz, Rheinpark Stadion
161|N1378576494|47.1411786|9.5208320|Städtle
83|N1378589876|47.2324469|9.5468405|Volg Dorfladen
12|N1378589877|47.2319293|9.5459934|Spielplatz
161|N1378640348|47.2264229|9.5365297|Schellenberg Eschner Rütte
161|N1381791777|47.1234105|9.5479738|Abzw. Masescha
75|N1395171725|47.0782590|9.5119895|Sigis Velo-Shop Anstalt
165|N1395365327|47.0783106|9.5124306|Uniwash Balzers
101|N1395428776|47.1674052|9.5101731|Musikhaus Gusti Foser AG
85|N1395428777|47.1675775|9.5076383|Möbel Thöny
6|N1395428838|47.1674287|9.5098542|Restaurant Hotel Linde
85|N1395428840|47.1673190|9.5082841|Waffen Nigg
65|N1401972676|47.1755341|9.5728056|Drei Schwestern
46|N1408615638|47.1672483|9.5103800|Volksbank AG
85|N1409885996|47.1658086|9.5088971|Der Optiker
76|N1409885997|47.1656073|9.5088419|GMG Buchhandlung Harlekin AG
81|N1409885998|47.1656442|9.5087179|Harlekin Computer Anstalt
85|N1409886088|47.1660699|9.5087537|Ritter Weine AG
78|N1417092269|47.1663843|9.5070318|Travis American Classics
20|N1417092270|47.1673335|9.5073721|KiTa Bahnhofstrasse
85|N1417092335|47.1659305|9.5065674|dp druckpartner
161|N1476397524|47.1140574|9.5452553|Rütelti
65|N26863444|47.1666716|9.5608307|Kuhgrat
67|N32011241|47.1784950|9.5450182|Oberplanken
70|N32011242|47.1858848|9.5452211|Planken
143|N50075428|47.0651507|9.5006936|Schloss Gutenberg
65|N90486978|47.1516392|9.6205943|Galinakopf
161|N206090675|47.2115810|9.5615129|Schaanwald
70|N240046176|47.1973842|9.5430689|Nendeln
70|N240060684|47.2165446|9.5700026|Schaanwald
70|N240070712|47.2122144|9.5062136|Bendern
70|N240077147|47.2312022|9.5458021|Schellenberg
70|N240079149|47.1663397|9.5103120|Schaan
70|N240080206|47.2190937|9.5102476|Gamprin
70|N240092661|47.1069940|9.5274876|Triesen
70|N240100249|47.0666667|9.5000000|Balzers
70|N240106262|47.1186181|9.5433663|Triesenberg
70|N240120066|47.2397575|9.5262871|Ruggell
29|N280014962|47.1065717|9.5252476|Gasthof Adler
21|N280027006|47.1076677|9.5262046|formatio Privatschule
138|N280027783|47.1080248|9.5264660|Kulturzentrum Gasometer
22|N280027827|47.1080672|9.5263290|Private Universität im Fürstentum Liechtenstein (UFL)
26|N287236463|47.1193335|9.5236763|McDonald's
161|N315596859|47.0667946|9.4972889|Schlossweg
161|N315596874|47.0615226|9.4977689|Mälsnerdorf
161|N315596896|47.0636928|9.5033425|Rietstrasse
161|N315596943|47.0669658|9.5074143|Höfle
161|N315596958|47.0694040|9.5070050|Alter Pfarrhof
161|N315636800|47.0981560|9.5248560|Argweg
161|N315636807|47.1023960|9.5249080|Bächlegatter
161|N315636808|47.1057149|9.5251143|Schule
161|N315636809|47.1094990|9.5250140|Sonnenkreisel
161|N315636810|47.1112740|9.5241442|Triesen Post
161|N315636811|47.1160389|9.5239103|Maschlina
161|N315636812|47.1220960|9.5240520|Triesen Messina
161|N315636813|47.1342120|9.5221690|Spital
161|N315636814|47.1386836|9.5217562|Vaduz Post
146|N315636836|47.1384820|9.5225998|Liechtenstein Center
149|N315636837|47.1381654|9.5227332|Liechtensteinisches Landesmuseum Vaduz
105|N315636896|47.1401227|9.5208126|Coop
11|N315636966|47.1357886|9.5207662|Landesbibliothek
6|N315636967|47.1399905|9.5228593|Residence
6|N315636968|47.1402998|9.5229143|Real
29|N315636971|47.1407799|9.5224950|Ratskeller
29|N315636972|47.1405649|9.5227954|Cesare
6|N315637069|47.1471256|9.5233710|Park-Hotel Sonnenhof
161|N315637103|47.1451977|9.5150406|Hofkellerei
161|N315637104|47.1489720|9.5123120|Ebenholz/Universität
161|N315637114|47.1547314|9.5105901|Vaduz Mühleholz
161|N316511086|47.1607668|9.5089301|Laurentiusbad
161|N316511088|47.1643914|9.5087684|Schaan Zentrum
161|N316511160|47.1679492|9.5050247|Malarsch
161|N316511161|47.1695888|9.4958028|Schaan Rheindenkmal
161|N325993789|47.0665118|9.4974900|Schlossweg
161|N325993794|47.0634670|9.4921723|Rheinstrasse
161|N325993799|47.0635636|9.4922204|Rheinstrasse
161|N325993804|47.0616429|9.4978409|Mälsnerdorf
161|N325993815|47.0637212|9.5031405|Rietstrasse
161|N325993822|47.0729084|9.5096520|Egerta
161|N325993829|47.0751240|9.5114800|Balzers Roxy
161|N326058609|47.1336574|9.5220209|Spital
33|N326058662|47.1343767|9.5224777|Liechtensteinisches Landesspital
14|N326058701|47.1386403|9.5220934|Vaduz
46|N326058720|47.1382098|9.5221618|Liechtensteinische Landesbank
149|N326059163|47.1488021|9.5171027|Skimuseum
161|N326059397|47.1432246|9.5184302|Quäderle
161|N326059405|47.1430098|9.5185573|Quäderle
29|N326059436|47.1441787|9.5195660|Torkel
65|N333223250|47.0607725|9.6070544|Naafkopf
29|N336434254|47.1408306|9.5202626|Lett
29|N336434357|47.1427372|9.5187954|Löwen
83|N336434712|47.1473233|9.5127468|Maxi
161|N336435029|47.1449796|9.5151861|Hofkellerei
161|N336435040|47.1405327|9.5196523|Vaduz, Lettstrasse
67|N347290636|47.1027934|9.6083946|Malbun
158|N354435079|47.2155595|9.5507269|Vogelparadies Birka
50|N364429955|47.0608243|9.4900607|Mariahilfkapelle
161|N364429961|47.0620991|9.4949328|Brückle
161|N364429963|47.0620439|9.4947910|Brückle
83|N364429964|47.0618782|9.4952503|Maxi
9|N364430233|47.0790441|9.5125855|Feuerwehr Balzers
161|N757459272|47.1814388|9.5241176|Schaan Forst/Hilti AG
161|N761534684|47.1126376|9.5431514|Triesenberg Täscherloch
161|N761534685|47.1182584|9.5431819|Triesenberg Post
149|N761534749|47.1184826|9.5428822|Walsermuseum
105|N761534771|47.1183519|9.5432305|Denner
29|N761534815|47.1185785|9.5439403|Edelweiss
161|N819157068|47.2273829|9.5391376|Tannwald
9|N819170891|47.2326173|9.5463651|FFW
149|N819175348|47.2328175|9.5478629|Biedermannhaus
29|N819181353|47.2313728|9.5468403|Krone
29|N819181573|47.2296170|9.5469369|Kreuz
29|N819233334|47.2416829|9.5611280|Löwen
65|N890267077|47.0781382|9.6186837|Gorfion
65|N890268617|47.0692611|9.5341049|Mittagspitze
65|N890269809|47.1146930|9.6246738|Ochsenkopf
6|N929809055|47.1328150|9.5207300|Landhaus am Giessen
139|N935278222|47.1377070|9.5226559|Landtag
67|N935278226|47.1275781|9.5387175|Rotenboden
25|N960563008|47.1194177|9.5439787|Café Guflina
161|N984720601|47.1703726|9.5171118|Planknerstrasse/Kresta
161|N984720614|47.1089471|9.5990498|Schneeflucht
161|N984720654|47.2413514|9.5607521|Hinterschellenberg
161|N984720670|47.2112474|9.5066556|Bendern Widagass
161|N984720729|47.1835207|9.5430593|Abzw. Egerta
161|N984720777|47.2148878|9.5056173|Gamprin Haldenstrasse
161|N984720781|47.1649598|9.5087640|Schaan Zentrum
161|N984720841|47.2075957|9.5021132|Bendern Under Atzig
161|N984720874|47.2093916|9.5192740|Eschen Haldengass
161|N984720896|47.2047999|9.5472842|Nendeln Kohlmahd
161|N984720973|47.1803032|9.5072516|Schaan Rosengarten
161|N984721274|47.2204327|9.5429455|Mauren Kirche
162|N984721479|47.1254835|9.5203903|Vaduz, Gastankstelle
161|N984721496|47.1663830|9.5188870|Schaan, St. Elisabeth
161|N984721502|47.1666610|9.5169450|Schaan, Realschule
161|N984721591|47.1576945|9.5096362|Schaan Quader
161|N984721593|47.1031448|9.6075287|Jöraboda
161|N984721653|47.1681682|9.5120176|Theater
161|N984721690|47.1734090|9.5341807|Schaan, Fürstenweg
161|N984721715|47.1135861|9.5495831|Steinort
161|N984721724|47.2233126|9.5207594|Gamprin Michel-Oehri
161|N984721747|47.1168794|9.5467201|Obergufer
161|N984721761|47.1170574|9.5493923|Guferwald
161|N984721900|47.1290433|9.5399524|Almeina
161|N984721969|47.2143674|9.5353163|Mauren Fallsgass
161|N984721973|47.2180254|9.5103816|Gemeindehaus
161|N984721993|47.1978680|9.5016393|Bendern Pinocchio
161|N984722014|47.1755466|9.5084721|Schaan Bendernstraße/Hilcona
161|N984722028|47.1856781|9.5457090|Schulhaus
161|N984722069|47.1821581|9.5415315|Planken, Vorderplanken
161|N984722074|47.1709326|9.5224033|Kinderheim
161|N984722079|47.1678636|9.5148886|Duxgass/Kresta
161|N984722102|47.2242943|9.5444883|Mauren Auf Berg
161|N984722120|47.2223291|9.5476341|Krummenacker
161|N984722140|47.2289630|9.5383694|Widum
161|N984722157|47.2283778|9.5356090|Schellenberg Loch
161|N984722182|47.2416072|9.5284676|Ruggell Kirche
161|N984722193|47.2384878|9.5267125|Sennerei
161|N984722211|47.2354206|9.5259864|Oberweiler
161|N984722223|47.2361355|9.5209110|Ruggell Kreuzstrasse
161|N984722249|47.1313942|9.5223469|Au
161|N984722255|47.2209023|9.5146749|Bühl
161|N984722270|47.2096003|9.5136254|Eschen Brühl
161|N984722273|47.2286374|9.5481946|Schellenberg Egerta
161|N984722295|47.2222821|9.5179875|Waldeck
161|N984722304|47.1163853|9.5309692|Matschils
161|N984722320|47.1137487|9.5446166|Rütelti
161|N984722344|47.1266518|9.5257039|Schwefel
161|N984722377|47.1217835|9.5289109|Triesen, Meierhof
161|N984722382|47.1348392|9.5453174|Masescha Abzw. Silum
161|N984722398|47.1391460|9.5440970|Gaflei Matu
161|N984722638|47.1119924|9.5316987|Triesen, Vaschiel
161|N984722721|47.2114857|9.5621815|Schaanwald Zuschg
161|N984722742|47.2319762|9.5466633|Schellenberg Post
161|N984722797|47.1125602|9.5759063|Steg Hotel
161|N984722820|47.1700140|9.5153745|Bierkeller
161|N984722829|47.1719823|9.5189152|Im Besch
161|N984722850|47.1993591|9.5438830|Sebastianstrasse
161|N984722862|47.1960071|9.5411718|Tonwarenfabrik
161|N984722872|47.1866494|9.5459035|Planken Hotel Saroja
161|N984722890|47.2405983|9.5247848|Ruggell Rathaus
161|N984722895|47.2161413|9.5375475|Wegacker
161|N984722911|47.2172996|9.5390883|Freiendorf
161|N984722936|47.2181064|9.5464416|Mauren Freihof
161|N984722942|47.2118682|9.5517761|Schaanwald Industrie
161|N984722957|47.1103370|9.5960802|Malbun Jugendheim
161|N984722964|47.1325243|9.5429267|Masescha
161|N984722980|47.2088934|9.5549672|Schaanwald Waldstraße
161|N984722984|47.1233214|9.5475625|Abzw. Masescha
161|N984724223|47.2331180|9.5498447|Sägaplatz
161|N984724312|47.1331424|9.5126921|Vaduz, Alte Rheinbrücke
161|N984724356|47.1639686|9.5123803|Rossfeld/Obergass
161|N984724412|47.2425801|9.5295364|Noflerstrasse
161|N984724415|47.1664746|9.5137040|Im Rossfeld
161|N984724431|47.2499265|9.5586237|Ruggell Zollamt
161|N984724667|47.0696306|9.5003241|Balzers, Gagoz
161|N984725131|47.1407790|9.5210514|Städtle
161|N984725135|47.1206766|9.5439376|Tristel
161|N984725164|47.2295760|9.5436710|Klenn
161|N984725174|47.2358692|9.5386708|Ruggell Limsenegg
161|N984725176|47.2243916|9.5159560|Unterbühl
161|N984725183|47.2311516|9.5196350|Abzw. Badäl-Schlatt
161|N984725188|47.1241370|9.5406433|Egga
161|N984725191|47.2283868|9.5177206|Simmasguet
161|N984725297|47.1256921|9.5432868|Triesenberg, Balischguad
161|N984725305|47.2343060|9.5541745|Hinterschloss
161|N984725310|47.2302095|9.5468530|Stotz
161|N984725316|47.2372700|9.5582595|Obergut
14|N995356578|47.1675812|9.5084171|Post Schaan
34|N995356599|47.1677841|9.5084901|Apotheke am Postplatz
85|N995356739|47.1652334|9.5080410|Foto Kaufmann
29|N995386798|47.1681840|9.5091436|Orient Café & Restaurant
34|N1033439543|47.1612717|9.5089177|TopPharm Apotheke
29|N1069966292|47.1644237|9.5086047|Restaurant Rössle
1|N1086214425|47.1246839|9.6039388|Guschg
34|N1107468612|47.1386033|9.5214799|Schloss Apotheke
161|N1107468615|47.1384528|9.5215858|Vaduz Post
161|N1165835552|47.2089945|9.5547171|Schaanwald Waldstraße
161|N1165859370|47.2098261|9.5134085|Eschen Brühl
161|N1165859409|47.2095494|9.5194145|Eschen Haldengass
161|N1165859506|47.2111089|9.5065755|Bendern Widagass
94|N1209245135|47.1620055|9.5088573|Gmeiner Multimedia Anstalt
25|N1209245140|47.1621337|9.5087445|Demmel Kaffee AG
91|N1209264617|47.1654938|9.5077510|Lazo Lipovac Gemüsecenter
105|N1212383406|47.1685984|9.5040703|Migros
79|N1254082883|47.1690704|9.4974171|k-mobil AG
74|N1278195628|47.1562789|9.5095877|Bäckerei Gassner
29|N1278195629|47.1578857|9.5094024|Restaurant Da Dona
29|N1278195630|47.1562002|9.5095079|Café Gassner
73|N1281681953|47.1741783|9.5091595|Risch Getränke AG
75|N1317176699|47.1668714|9.5040341|Wenaweser Zweiradcenter
65|N1501969254|47.0823936|9.6101097|Augstenberg
161|N1534683413|47.1605654|9.5088646|Laurentiusbad
161|N1534683414|47.1678415|9.5053335|Malarsch
161|N1534683416|47.1573869|9.5095750|Schaan Quader
161|N1534683417|47.1694731|9.4956428|Schaan Rheindenkmal
161|N1534683418|47.1685465|9.5014021|Zollstrasse
161|N1535894972|47.1682853|9.5088142|Schaan Bahnhof
161|N1535894992|47.1683511|9.5084465|Schaan Bahnhof
161|N1537335521|47.0695547|9.5003957|Balzers, Gagoz
161|N1540720273|47.1027490|9.5256653|Feldstrasse
161|N1540720277|47.1028064|9.5253830|Feldstrasse
161|N1540720283|47.1049269|9.5324313|Langgasse
161|N1540720290|47.1049741|9.5324284|Langgasse
161|N1540720297|47.1161082|9.5312622|Matschils
161|N1540720303|47.1046212|9.5342510|Poska
161|N1540720307|47.1049294|9.5342807|Poska
161|N1540720317|47.1217480|9.5290933|Triesen, Meierhof
161|N1540720323|47.1119992|9.5318872|Triesen, Vaschiel
161|N1540720325|47.1041537|9.5288603|Vanetscha
161|N1540720341|47.1041926|9.5288077|Vanetscha
29|N1547268338|47.1830118|9.5424293|Gasthaus Hirschen
161|N1548056248|47.1055426|9.6050637|Bergbahnen
161|N1548056249|47.1179388|9.5491735|Guferwald
161|N1548056250|47.1102680|9.5965663|Malbun Jugendheim
161|N1548056252|47.1008850|9.6104292|Malbun Zentrum
161|N1548056253|47.1166859|9.5473471|Obergufer
161|N1548056255|47.1202389|9.5523122|Rizlina
161|N1548056256|47.1202645|9.5526473|Rizlina
161|N1548056257|47.1089899|9.5987577|Schneeflucht
161|N1548056258|47.1268206|9.5256502|Schwefel
161|N1548056259|47.1126679|9.5759869|Steg Hotel
161|N1548056260|47.1137696|9.5719189|Steg Tunnel
161|N1548056261|47.1140033|9.5714816|Steg Tunnel
161|N1548056262|47.1140965|9.5490901|Steinort
161|N1548056263|47.1125297|9.5431646|Triesenberg Täscherloch
105|N1554218449|47.1666502|9.5090291|Denner Schaan
87|N1554218453|47.1667235|9.5094688|Ospelt Metzg
80|N1554218456|47.1665953|9.5089104|Switcher Shop
161|N1557375000|47.1718513|9.5089619|Schaan Ivoclar
161|N1560505933|47.1235642|9.5481186|Abzw. Masescha
161|N1560505934|47.1291703|9.5399853|Almeina
161|N1560505935|47.1241120|9.5403620|Egga
161|N1560505936|47.1391252|9.5440344|Gaflei Matu
161|N1560505937|47.1348202|9.5454901|Masescha Abzw. Silum
161|N1560505938|47.1323955|9.5431213|Masescha
161|N1560505940|47.1257889|9.5433069|Triesenberg, Balischguad
161|N1560505941|47.1206358|9.5437188|Tristel
161|N1560544141|47.1697822|9.5150976|Bierkeller
161|N1560581670|47.1835611|9.5429849|Abzw. Egerta
161|N1560581671|47.1678244|9.5149471|Duxgass/Kresta
161|N1560581672|47.1664237|9.5137867|Im Rossfeld
161|N1560581673|47.1709311|9.5222282|Kinderheim
161|N1560581674|47.1821273|9.5415920|Planken, Vorderplanken
161|N1560581675|47.1703450|9.5172024|Planknerstrasse/Kresta
161|N1560581677|47.1640323|9.5124823|Rossfeld/Obergass
161|N1560581678|47.1734111|9.5339131|Schaan, Fürstenweg
161|N1560581679|47.1857642|9.5458847|Schulhaus
161|N1560587449|47.1681952|9.5119083|Theater
161|N1562671756|47.1933014|9.5399096|Nendeln Oberwiesen
161|N1562671762|47.1933404|9.5397761|Nendeln Oberwiesen
161|N1562671765|47.1808230|9.5239059|Schaan Forst/Hilti AG
161|N1562671772|47.1996196|9.5439886|Sebastianstrasse
161|N1562671775|47.1968997|9.5415525|Tonwarenfabrik
161|N1562679826|47.2048127|9.5470771|Nendeln Kohlmahd
161|N1562712073|47.1980518|9.5018426|Bendern Pinocchio
161|N1562712076|47.2104342|9.5027725|Bendern Post
161|N1562712085|47.1753061|9.5087048|Schaan Bendernstraße/Hilcona
161|N1562712086|47.1719847|9.5091765|Schaan Ivoclar
161|N1562712104|47.1803113|9.5074125|Schaan Rosengarten
161|N1562712107|47.2077959|9.5022937|Bendern Under Atzig
161|N1562795332|47.2172547|9.5391376|Freiendorf
161|N1562795333|47.2145923|9.5353530|Mauren Fallsgass
161|N1562795340|47.2181276|9.5466160|Mauren Freihof
161|N1562795345|47.2162283|9.5494172|Mauren Ziel
161|N1562795347|47.2162986|9.5495588|Mauren Ziel
161|N1562795351|47.2119344|9.5519051|Schaanwald Industrie
161|N1562795368|47.2161964|9.5377904|Wegacker
161|N1562795372|47.2110871|9.5620642|Schaanwald Zuschg
161|N1563000542|47.2322304|9.5165954|Gamprin Badäl
161|N1563000545|47.2323264|9.5168287|Gamprin Badäl
161|N1563000547|47.2162206|9.5031361|Gamprin Grossabünt
161|N1563000548|47.2166022|9.5033186|Gamprin Grossabünt
161|N1563000551|47.2260383|9.5110061|Jedergass
161|N1563000554|47.2261131|9.5111979|Jedergass
161|N1563000556|47.2220347|9.5052996|Mühlegass
161|N1563000559|47.2221270|9.5055484|Mühlegass
161|N1563000568|47.2429213|9.5300718|Noflerstrasse
161|N1563000575|47.2353274|9.5259126|Oberweiler
161|N1563000590|47.2361382|9.5212370|Ruggell Kreuzstrasse
161|N1563000591|47.2405319|9.5247107|Ruggell Rathaus
161|N1563000600|47.2498085|9.5586382|Ruggell Zollamt
161|N1563000605|47.2384398|9.5265753|Sennerei
149|N1565426277|47.1078437|9.5266503|Gasometer Kulturzentrum Triesen
161|N1567948622|47.2295574|9.5438282|Klenn
161|N1567948630|47.2417606|9.5285265|Ruggell Kirche
161|N1567948643|47.2359111|9.5385018|Ruggell Limsenegg
161|N1567948659|47.2283739|9.5355560|Schellenberg Loch
161|N1567948669|47.2320881|9.5467994|Schellenberg Post
161|N1567948683|47.2276218|9.5389501|Tannwald
161|N1567948687|47.2275162|9.5386555|Tannwald
161|N1567948715|47.2290902|9.5386341|Widum
161|N1567993914|47.2310950|9.5195618|Abzw. Badäl-Schlatt
161|N1567993920|47.2212084|9.5150027|Bühl
161|N1567993928|47.2147363|9.5055257|Gamprin Haldenstrasse
161|N1567993935|47.2182366|9.5105412|Gemeindehaus
161|N1567993939|47.2413280|9.5605833|Hinterschellenberg
161|N1567993946|47.2342384|9.5544095|Hinterschloss
161|N1567993969|47.2377958|9.5585383|Obergut
161|N1567993973|47.2283193|9.5175369|Simmasguet
161|N1567993992|47.2162859|9.5078985|Stelzagass
161|N1567993996|47.2164251|9.5078264|Stelzagass
161|N1567994001|47.2330328|9.5499596|Sägaplatz
161|N1567994013|47.2243869|9.5158372|Unterbühl
161|N1568201122|47.2233878|9.5207230|Gamprin Michel-Oehri
161|N1568201131|47.2264385|9.5363902|Schellenberg Eschner Rütte
161|N1568201156|47.2222830|9.5180753|Waldeck
161|N1568239422|47.2224945|9.5479285|Krummenacker
161|N1568239434|47.2243192|9.5446081|Mauren Auf Berg
161|N1568239461|47.2204783|9.5427966|Mauren Kirche
161|N1568239472|47.2286018|9.5480868|Schellenberg Egerta
161|N1568239485|47.2299909|9.5467985|Stotz
79|N1595630107|47.1690790|9.5032064|Altherr AG Schaan
73|N1595630109|47.1689055|9.5039457|Brauhaus
65|N1597350102|47.1663176|9.6232996|Hohe Köpfe
6|N1688628963|47.1010603|9.6107693|Hotel Turna Malbun
105|N1693757751|47.1984247|9.5427201|Coop
147|N1703359254|47.0659326|9.5016903|Gedenkstätte für Johann Bapt Büchel
151|N1703386294|47.0695083|9.5074424|Kirchturm St. Nikolaus
50|N1703386379|47.2117034|9.5033752|Lourdes Grotte
12|N1704765593|47.2439154|9.5229793|Spielplatz
161|N367987695|47.1424589|9.5444296|Gaflei
126|N377044526|47.2035182|9.4962914|Modellflugplatz
161|N378904224|47.2075187|9.5286084|Eschen Presta
161|N378904231|47.2076013|9.5278094|Eschen Presta
161|N392695191|47.0752176|9.5117086|Balzers Roxy
161|N392700768|47.1499332|9.5117703|Ebenholz/Universität
6|N392700769|47.1496568|9.5121876|Falknis
161|N392700780|47.1547122|9.5103983|Vaduz Mühleholz
161|N392700781|47.1685645|9.5016167|Zollstrasse
167|N413757070|47.2004830|9.5418733|Nendeln
161|N413768032|47.2110396|9.5281126|Eschen Kohlplatz
161|N413768033|47.2109844|9.5281508|Eschen Kohlplatz
161|N413768034|47.2102507|9.5222818|Eintracht
161|N413768035|47.2104475|9.5222667|Eintracht
161|N413771328|47.2123980|9.5239346|Eschen Post
161|N413771329|47.2123122|9.5237293|Eschen Post
14|N413771331|47.2123253|9.5234292|Eschen
161|N413771412|47.2186457|9.5425207|Mauren Post
161|N413771413|47.2185397|9.5425163|Mauren Post
161|N413773769|47.2174053|9.5688888|Schaanwald Zollamt
161|N413773770|47.2173711|9.5683778|Schaanwald Zollamt
167|N413828077|47.1685925|9.5081562|Schaan-Vaduz
161|N414037424|47.2052853|9.5347524|Eschen Sportpark
161|N414037425|47.2054966|9.5345914|Eschen Sportpark
161|N414051393|47.2019032|9.5423428|Nendeln Bahnhof
161|N414051396|47.2017991|9.5422406|Nendeln Bahnhof
65|N425270092|47.0504402|9.5640342|Falknis
9|N441289865|47.1105746|9.5216466|Freiwillige Feuerwehr Triesen
6|N454901059|47.1860907|9.5684111|Gafadurahuette
9|N500020190|47.2074122|9.5274417|Feuerwache Eschen
138|N500020192|47.2072349|9.5279896|Musikschule
65|N523962144|47.1611775|9.5573304|Gafleispitz
161|N567528174|47.1057983|9.5249460|Schule
28|N570116969|47.1065777|9.5245971|maps
74|N570116970|47.1084005|9.5252969|Beck Frommelt
25|N570116974|47.1083673|9.5252969|Cafe Frommelt
29|N570116991|47.1082949|9.5249570|Schäfe
29|N592627190|47.1571033|9.5070667|Restaurant Forum
29|N592633045|47.1696722|9.4965994|Pizzeria Toscana
144|N592633047|47.1679221|9.5058487|TAKino
28|N592637234|47.1676460|9.5091873|Central-Garage
26|N592637235|47.1672152|9.5095115|Troya
29|N592637236|47.1674701|9.5094754|Central
26|N592637237|47.1673177|9.5076871|Olympia
23|N592637238|47.1674699|9.5091057|Black Pearl
26|N595803942|47.1679585|9.5041079|Ha Long
26|N596300078|47.1648561|9.5086521|Zeus
161|N596441646|47.0711603|9.4925046|Balzers Sportplatz
161|N596441648|47.0711865|9.4929290|Balzers Sportplatz
161|N596441649|47.0881180|9.5199187|Triesen Säga
161|N596441651|47.0929529|9.5244209|Gartnetschof
161|N596441654|47.0981783|9.5247124|Argweg
161|N596441656|47.1112583|9.5243679|Triesen Post
161|N596441657|47.1217170|9.5238450|Triesen Messina
161|N596441660|47.1262256|9.5236790|Vaduz Rütti
161|N596441661|47.1258960|9.5235370|Vaduz Rütti
161|N596456390|47.0670759|9.5073022|Höfle
161|N596456392|47.0691840|9.5069100|Alter Pfarrhof
161|N596456395|47.0714942|9.5081715|Egerta
161|N596456396|47.0881117|9.5195372|Triesen Säga
161|N596456398|47.0925004|9.5236290|Gartnetschof
161|N596456400|47.1023077|9.5247280|Bächlegatter
161|N596456402|47.1087895|9.5250239|Sonnenkreisel
161|N596456403|47.1160670|9.5236530|Maschlina
83|N597898758|47.1636292|9.5087331|Mini Mercado Barraida
20|N597898803|47.1655270|9.5114991|Rebera-Süd
147|N599649871|47.1695416|9.4939020|Rheindenkmal
29|N599660052|47.1747310|9.5119822|b'eat
6|N599736794|47.1641110|9.5133465|Schaanerhof
119|N672767839|47.1642283|9.5246279|Station No1
119|N672767847|47.1632862|9.5264314|Station No2
119|N672767855|47.1643293|9.5275889|Station No3
119|N672767870|47.1651084|9.5281680|Station No4
119|N672767872|47.1662830|9.5300113|Station No7
119|N672767883|47.1677683|9.5298185|Station No10
119|N672767885|47.1671368|9.5300612|Station No9
119|N672767893|47.1666076|9.5306886|Station No8
119|N672767901|47.1677719|9.5312457|Station No11
119|N672767909|47.1692877|9.5317211|Station No14
119|N672767915|47.1694669|9.5329501|Station No12
119|N672767918|47.1698445|9.5320491|Station No13b
119|N672767926|47.1699449|9.5328424|Station No13
119|N672776217|47.1654247|9.5285857|Station No5
29|N687031273|47.1665070|9.5097040|Pur
149|N691245686|47.1660535|9.5093741|DoMuS
25|N691565872|47.1669152|9.5100352|La Piazza
16|N693323564|47.1669902|9.5114816|Pfarreizentrum
152|N693323586|47.1673592|9.5116702|TaK (Theater am Kirchplatz)
75|N1767953524|47.1038542|9.5251328|Bike Garage Anstalt
20|N2121293470|47.1417616|9.5163835|Kita
6|N2149125761|47.1163722|9.5651288|Berggasthaus Sücka
29|N2299786835|47.2001853|9.5442814|Restaurant Landhaus
162|N2324387445|47.2095003|9.5584864|TankRastShop
105|N2356412188|47.0754354|9.5124151|Roxy Markt Migros Partner
105|N2356420081|47.0664053|9.4989155|Coop
73|N2422738268|47.2193901|9.5466575|Elma Handels Est
65|N2433401131|47.0768406|9.5659810|Rappastein
67|N1796218506|47.1117600|9.5765712|Steg
75|N1814953879|47.1287973|9.5388092|Adolf's Bike Shop
85|N1818629257|47.0722825|9.5093326|Trampino Reseladen Anstalt
29|N1845461205|47.1703913|9.5157295|UNIKUM
167|N1887823668|47.1812938|9.5210473|Forst Hilti
65|N1891978646|47.1064589|9.5656425|Chrüppel
5|N1911099986|47.1569058|9.5061349|Jugendherberge Schaan-Vaduz
70|N1932181216|47.1392862|9.5227962|Vaduz
29|N1937026263|47.1494695|9.5118822|Thai
21|N1937026360|47.1494229|9.5165534|Universität Liechtenstein
29|N1937026361|47.1547967|9.5107865|Landgasthof Mühle
26|N1937026419|47.1558518|9.5103667|Düner
65|N1966389666|47.0548251|9.5874533|Hinter Grauspitz
65|N1966389671|47.0527317|9.5812795|Vorder Grauspitz
161|N2579804034|47.1681196|9.5085836|Schaan Bahnhof
161|N2580672247|47.1777202|9.5130568|Industriestrasse
161|N2580672251|47.1780809|9.5116829|Industriestrasse
161|N2580709317|47.2468097|9.5253710|Flandera
161|N2580709318|47.2470609|9.5252043|Flandera
161|N2580709319|47.2434291|9.5249303|Giessa
161|N2580709320|47.2435291|9.5248337|Giessa
161|N2580709321|47.2488117|9.5280106|Industriering
124|N2691116701|47.1056314|9.6042172|Skigebeit Malbun
23|N2691127439|47.1050319|9.6044687|Schlucherbar
29|N2691128995|47.1095614|9.5994430|Restaurant Schneeflucht
65|N2712924224|47.0651240|9.5397424|Mittlerspitz
65|N2712990726|47.0630879|9.5313049|Wörznerhorn
65|N2713010522|47.0481849|9.5566395|Mazorakopf
73|N2972597006|47.1205849|9.5174802|die getränkeoase
67|N3015364759|47.0751705|9.5489219|Hintertuass
67|N3015364760|47.0842737|9.5359007|Magrüal
67|N3015364764|47.0844619|9.5482561|Platta
67|N3015368573|47.0781358|9.5446682|Tuass
65|N3016379386|47.0821432|9.5675293|Goldlochspitz
65|N3016379387|47.0732727|9.5713592|Hochspeler
65|N3016379388|47.0876195|9.5721006|Kolm
65|N3016379389|47.0794598|9.5567485|Koraspitz
65|N3016379390|47.0794235|9.5596971|Langspitz
65|N3016379392|47.0659585|9.5776558|Plasteikopf
70|N3022807519|47.2126274|9.5233202|Eschen
70|N3022807520|47.2196512|9.5418065|Mauren
65|N3027296239|47.1487013|9.5539036|Alpspitz
65|N3027296240|47.1702810|9.5646189|Garsellikopf
65|N3027301485|47.1907596|9.5726693|Saroja
65|N3027301486|47.1851014|9.5735465|Sattelspitz
65|N3027301487|47.1680665|9.5569425|Wissa Schrofa
86|N3347693237|47.0759779|9.5077410|Kenel Flächentechnik
162|N3358834799|47.1702500|9.5160295|Migroll
78|N3358834800|47.1705345|9.5154618|Hermann Quaderer Autoelektrik
26|N3439376693|47.1401940|9.5211867|Azzurro Pizza & Kebap
29|N3514910125|47.1416346|9.5202688|Made in Italy
46|N3514910126|47.1419322|9.5203269|LGT
65|N3529122106|47.0530572|9.4814222|Ellhorn
65|N3565824547|47.1485896|9.5618834|Helwangspitz
65|N3565824548|47.0931366|9.5981153|Nospitz
67|N3577169505|47.1499909|9.5137953|Ebenholz
21|N3577175472|47.1367152|9.5231680|Liechtensteinische Musikschule
65|N3612953543|47.1283449|9.6358519|Scheienkopf
46|N3685589516|47.1217238|9.5244200|VP Bank AG
85|N3685641268|47.1393106|9.5227077|Hoi Liechtenstein - Souvenir Boutique
85|N3685644664|47.1394520|9.5227331|Rechsteiner Schuhe, Mode und Sport
29|N3685648630|47.1396815|9.5227201|Potenza - Pizza, Bar, Restaurant
149|N3685747206|47.1392956|9.5224532|Hilti Art Foundation
147|N3713243548|47.2641082|9.5399582|Andreas Flütsch
59|N3048097600|47.0474197|9.4825818|Diebalöcher
29|N3798994431|47.1319247|9.5438352|Masescha
29|N3799017286|47.1086378|9.5760995|Seeblick
147|N3852465014|47.1659937|9.5194787|Besuch PAPST JOHANNES PAULUS II
65|N3855372534|47.1589197|9.5549163|Gafleichöpfli
86|N4107526816|47.1502530|9.5118620|Chesi
6|N4132104564|47.2002515|9.5450096|Hotel Garni Engel
6|N4132104565|47.2002843|9.5443779|Hotel Landhaus
6|N4132104566|47.1998551|9.5438549|Hotel Weinstube
29|N4132104571|47.1999554|9.5439220|Restaurant Weinstube
85|N4132104572|47.1999171|9.5437074|Schächle AG Weinhaus & Getränkefachhandel
65|N4200519161|47.1331726|9.5586837|Plattenspitze
6|N4207712591|47.2051623|9.5021779|b-smarts Bendern
80|N4231615559|47.1395576|9.5227103|adidas
80|N4231615560|47.1397291|9.5224420|vip5
149|N4231615562|47.1387951|9.5227371|Schatzkammer Liechtenstein
46|N4231621956|47.1384632|9.5220854|Western Union
29|N4231972090|47.2192081|9.5408834|Gasthaus Hirschen
105|N4232215531|47.1546605|9.5097351|coop
74|N4232215532|47.1545780|9.5099286|Henri
26|N4232215535|47.1545942|9.5101003|Subway
105|N4232215536|47.1547948|9.5100593|Inter Discount
29|N4232215538|47.1547636|9.5097155|Njord
80|N4232215539|47.1545624|9.5097540|Torso
80|N4233957011|47.1389962|9.5223476|jones
106|N4233957013|47.1392169|9.5227017|Oettinger Davidoff
90|N4233957026|47.1390746|9.5223503|l'atelier demarchi
80|N4233957033|47.1391495|9.5227017|arcade
2|N4235626189|47.0911658|9.5251541|Lagerplatz Forst
29|N4338190789|47.1412609|9.5209245|Adler
161|N4352699543|47.2084552|9.5272824|Eschen Presta
161|N4352699544|47.2209661|9.5504346|Mauren Binza
161|N4352699545|47.2210137|9.5503213|Mauren Binza
161|N4352699546|47.2186739|9.5461287|Mauren Freihof
161|N4352699547|47.2187604|9.5462743|Mauren Freihof
2|N4355333397|47.1663845|9.5238719|Lagerplatz Dux
33|N4377714164|47.2104847|9.5050352|Augenklinik Reis
67|N4458494628|47.1313164|9.5545642|Silum
67|N4458494629|47.1325050|9.5434979|Masescha
67|N4461976332|47.1377096|9.5393186|Vorder-Prufatscheng
67|N4461976333|47.1388045|9.5337410|Erbi
67|N4461976334|47.1424274|9.5356172|Hinder-Prufatscheng
67|N4463520780|47.1132699|9.5499291|Steinort
46|N4473094316|47.1258337|9.5239369|Banque Havilland
25|N4478869421|47.1487644|9.5166824|Jugendcafé Camäleon
70|N4514413520|47.0710809|9.5902742|Valüna
70|N4514418890|47.0666011|9.5586406|Lawena
67|N4515846077|47.2408099|9.5599727|Hinterschellenberg
67|N4523759060|47.1066307|9.5445401|Wangerberg
67|N4523868554|47.2219379|9.5515592|Binza
74|N4532191733|47.0615132|9.4980027|Beck Frommelt
85|N4562094292|47.1659197|9.5113167|Wolf Druck
60|W25685104|47.1078987|9.5262195|Spörry
60|W25685109|47.1080770|9.5265819|Spörry
149|W28712148|47.1395015|9.5220987|Kunstmuseum Liechtenstein
50|W28712150|47.1361994|9.5228841|Sankt Florin
17|W28712183|47.1407049|9.5218949|Rathaus Vaduz
40|W29596082|47.1444079|9.5179710|Herawingert
22|W29598457|47.1499270|9.5163552|Mehrzweckhalle
149|W29599096|47.1389038|9.5227653|Postmuseum
40|W29599675|47.1441113|9.5218072|Aptswingert
60|W33228978|47.2150543|9.5020613|ARA Bendern
60|W35308172|47.2005249|9.5401734|Hilti Nendeln
167|W35308178|47.2003774|9.5415884|Bahnhof Nendeln
143|W39003399|47.2327876|9.5541433|Hinterschloss
131|W39374257|47.1655928|9.4927495|Rheinwiese
60|W44738686|47.1080003|9.5267703|Spörry Kemmi
60|W44918507|47.1078396|9.5266549|Sporry Gasometer
50|W44932036|47.1062617|9.5302854|Pfarkirche Triesen
21|W44963524|47.1048984|9.5261424|Weiterführende Schule Triesen
20|W44963532|47.1043700|9.5269970|Kindergaten "Schule"
21|W44963556|47.1053933|9.5267386|Primarschule Triesen
133|W44963557|47.1058059|9.5260913|Hallenbad Triesen
12|W46625683|47.1658538|9.4948701|Abenteuerspielplatz Dräggspatz
118|W46747077|47.1651822|9.4965251|Golf Driving Range
40|W46777141|47.1669247|9.5058604|Wasserpark Walserbünt
72|W46923263|47.1683038|9.5127022|Laurentiusturm
137|W46923264|47.1683526|9.5118411|Römerstrasse
133|W46953725|47.1524854|9.5067240|Schwimmbad Mühleholz
112|W46953730|47.1525549|9.5007378|Gymnasium Sportplatz
125|W46953738|47.1520833|9.5054372|Minigolfclub
124|W46953739|47.1512277|9.5055720|Skaterpark
19|W47003798|47.1560195|9.5063079|Hochschule Liechtenstein (Aussenstelle)
134|W47007348|47.1739998|9.5131355|Tennishalle Schaan
36|W47041361|47.1719714|9.5122047|Rietgärta
133|W47200211|47.1661871|9.5150800|Hallenbad Resch
21|W47200215|47.1662558|9.5156753|Resch
131|W47201994|47.1674625|9.4932265|Training2
131|W47201998|47.1656250|9.4938734|Training1
50|W47307298|47.1664476|9.5119379|St. Laurentiuskirche
14|W51266246|47.2106081|9.5028231|Bendern Post
16|W54935234|47.1662922|9.5096168|Lindahof
151|W62033426|47.2332113|9.5424858|Burgruinie Unterer Schellenberg
130|W77901975|47.1661792|9.4960691|Boccia Club
134|W83758657|47.1370955|9.5247638|Privatplatz des Fürstenhauses
132|W91761954|47.2185328|9.5048880|Sportspielplatz
112|W91761973|47.2173750|9.5054586|Beachvolleyballplatz
132|W91761976|47.2188549|9.5044534|Kiesplatz
40|W91798915|47.2182886|9.5050117|Freizeit- und Sportanlage Grossabünt
12|W91798917|47.2174637|9.5053755|Spielplatz
105|W98241067|47.1752616|9.5096738|Coop Schaan
16|W104847692|47.1676951|9.5099495|Haus der Wirtschaft
50|W104857472|47.1637031|9.5093281|St. Peter
132|W104862480|47.1511662|9.5053784|Kleinspielfeld
128|W104862481|47.1513245|9.5057406|Skaterpark Vaduz
73|W105205062|47.1678580|9.5106169|Meier Getränke AG
23|W105205712|47.1682476|9.5039708|Damage
29|W298497572|47.1173313|9.5435222|Restaurant Kainer
21|W298497731|47.1386855|9.5191284|Primarschule Aeule
29|W298792931|47.1313874|9.5536897|Berggasthaus Silum
6|W298855537|47.1049844|9.6050812|JUFA
21|W299286253|47.2107159|9.5634113|Kindergarten
21|W299286261|47.2109487|9.5637215|Primarschule Schaanwald
6|W318292118|47.1652568|9.5186333|Hotel Dux
147|W318292121|47.1660755|9.5193005|Prinzessin Maria Elisabeth von Liechtenstein
131|W320911509|47.1405454|9.5100902|Rheinparkstadion
12|W329679739|47.1114837|9.5519660|Im Burkat, Triesenberg
29|W329852422|47.1459880|9.5181298|Schlössle Mahal
6|W330502154|47.1183049|9.5427752|Kulm
50|W330503932|47.1179937|9.5438688|Pfarrkirche
162|W331217956|47.1199682|9.5532711|Studa
29|W331281194|47.1128285|9.5426979|Heusträffl
25|W332250425|47.1193803|9.5439467|Guflina
77|W332250426|47.1196224|9.5439360|Metzgerei Schädler
78|W332253470|47.1212728|9.5423406|Berggarage
83|W334140347|47.1149081|9.5393635|Kiosk
29|W341864322|47.2126539|9.5175141|Hirschen
29|W341864324|47.2110920|9.5226583|Fago
50|W351911534|47.1485694|9.5095715|Johanneskirche (ev.-luth.)
50|W351913193|47.1504761|9.5138494|Sankt-Josefs-Kirchlein
21|W351947309|47.2200639|9.5113400|Neues Schulhaus Bühl
139|W351951309|47.1448021|9.5218217|Rotes Haus
43|W385181792|47.0846427|9.5255281|Deponie Säga
36|W390629424|47.1710389|9.5103945|Krutgärta
36|W390629428|47.1705819|9.5111573|Krutgärta
105|W391993147|47.1546608|9.5098415|Mühleholzmarkt
21|W399316122|47.1486297|9.5150348|Ebaholz
21|W399316127|47.1487349|9.5149501|Ebenholz
21|W409027729|47.2138419|9.5271441|Schulzentrum Unterland
133|W409032089|47.2134932|9.5261863|Hallenbad Eschen
145|W423586837|47.1403167|9.5226906|Champagner-Platz
145|W423587904|47.1373667|9.5226919|Peter-Kaiser-Platz
143|W437733962|47.0656355|9.5004598|Burg Gutenberg
143|W437733966|47.0655089|9.5003407|Burg Gutenberg
60|W449131078|47.1171714|9.5498102|Werkhof Guferwald
21|W449132426|47.1171783|9.5474533|Primarschule Triesenberg
21|W455388670|47.2318986|9.5462165|Primarschule Schellenberg
20|W455389005|47.2335225|9.5474871|Kindergarten Schellenberg
124|W455392957|47.2344502|9.5510747|Sporthaus
21|W456179483|47.2138619|9.5266922|Schulzentrum Unterland
132|W456680464|47.2180511|9.5042163|Rasenspielfeld
21|W456857487|47.2202084|9.5116627|Primarschule Gamprin-Bendern
29|W121993413|47.1384651|9.5443314|Berggasthof Matu
78|W122143081|47.1777319|9.5117020|Winkelgarage
171|W123503275|47.1476660|9.4966849|Rhein
85|W124047850|47.1450210|9.5166406|Hofkellerei
131|W125664869|47.0738205|9.4950417|Sportanlage Rheinau
134|W125664881|47.0749635|9.4969138|Tennisclub Balzers
132|W125685954|47.0890717|9.5182052|MX Arena Hälos
1|W129819996|47.1918115|9.5663580|Uli Mariss Hütte
139|W144544492|47.1416271|9.5531525|Geografischer Mittelpunkt von Liechtenstein
1|W145395030|47.0713331|9.6132831|Pfälzer Hütte
129|W146343721|47.1728724|9.5317217|Tschagäl
14|W165294476|47.0639391|9.5030599|Poststelle Balzers
50|W165294627|47.0653189|9.5021849|Jubiläumskirche
21|W165334601|47.1856032|9.5462470|Kleinschule Planken
6|W166817680|47.0885793|9.5241221|Hotel Garni Säga
29|W173697457|47.1026948|9.6203377|Bergrestaurant Sareis
29|W173704422|47.2126284|9.5039786|Zum Löwen
2|W173914142|47.0865665|9.5276816|Mittagspitze
16|W183330536|47.1564480|9.5102980|Botschaft
50|W183330561|47.1515958|9.5131498|Evangelische Kirche
16|W183330563|47.1521541|9.5126715|Censor Park
40|W189749234|47.1686139|9.5922057|Spirkenwälder Saminatal
6|W210655054|47.1012757|9.6087715|Hotel Gorfion
6|W210655065|47.1027444|9.6081098|Alpenhotel Malbun
21|W213915387|47.1063345|9.5297511|Kindergarten Kirche
21|W213915488|47.1058451|9.5297641|Kindergarten Kirche
50|W218439566|47.1119448|9.5785479|Kapelle Steg
6|W218439644|47.1126975|9.5756761|Hotel Steg
143|W220957383|47.1509050|9.5335621|Wildschloss
89|W237982147|47.2145294|9.5341530|MüKo Gartengestaltung
6|W253291503|47.1176071|9.5451966|Hotel Oberland
18|W253291504|47.1177305|9.5439633|Friedhof Triesenberg
17|W297699576|47.1181919|9.5436702|Rathaus
149|W297716054|47.1172778|9.5441122|Heimatmuseum
16|W297737040|47.1676079|9.5117947|Brunharthaus
